nuts3_code,province_name,sex,sd_e0,sd_e65,pop_2024,size_class
ES111,A Coruna,female,0.14128369711611558,0.08966956818170925,1128449,>1M
ES111,A Coruna,male,0.17107916273332166,0.10837060706727374,1128449,>1M
ES112,Lugo,female,0.28226076239482806,0.1623234952013944,325048,200k-1M
ES112,Lugo,male,0.3119084165170172,0.19069943621925228,325048,200k-1M
ES113,Ourense,female,0.3571955167546034,0.17853389846913365,304467,200k-1M
ES113,Ourense,male,0.3545204074406738,0.1796400307755805,304467,200k-1M
ES114,Pontevedra,female,0.15062880702621054,0.10383466657500995,947869,200k-1M
ES114,Pontevedra,male,0.17867867355288933,0.11152493905894217,947869,200k-1M
ES120,Asturias,female,0.17428781921972353,0.10541456449456144,1009599,>1M
ES120,Asturias,male,0.19979894412383553,0.11258411065810282,1009599,>1M
ES130,Cantabria,female,0.21768352989037973,0.14879034552597453,590851,200k-1M
ES130,Cantabria,male,0.26405965728919395,0.1565578979354166,590851,200k-1M
ES211,Araba/Alava,female,0.29262970163048435,0.18492805352041494,338594,200k-1M
ES211,Araba/Alava,male,0.3011904371506381,0.20154427557577587,338594,200k-1M
ES212,Gipuzkoa,female,0.18897811972453962,0.12617185106713388,729722,200k-1M
ES212,Gipuzkoa,male,0.19021217342758243,0.13047021808391795,729722,200k-1M
ES213,Bizkaia,female,0.14220791085895923,0.10162767358971243,1159368,>1M
ES213,Bizkaia,male,0.16123340466131736,0.11507711598016547,1159368,>1M
ES220,Navarra,female,0.20400136060883428,0.14275953012975062,678333,200k-1M
ES220,Navarra,male,0.19436735980043948,0.14142506389637516,678333,200k-1M
ES230,La Rioja,female,0.2807677278449628,0.19635049454280804,324184,200k-1M
ES230,La Rioja,male,0.3272958455626807,0.20065209975180748,324184,200k-1M
ES241,Huesca,female,0.40139505082283355,0.25607751617047725,228519,200k-1M
ES241,Huesca,male,0.33965668668920845,0.23496392644962594,228519,200k-1M
ES242,Teruel,female,0.38769506183188024,0.27792053361929697,135309,<200k
ES242,Teruel,male,0.4496005979459746,0.3067697170861144,135309,<200k
ES243,Zaragoza,female,0.15863737036803746,0.11220481955781385,987763,200k-1M
ES243,Zaragoza,male,0.19021096569261256,0.12468266018929837,987763,200k-1M
ES300,Madrid,female,0.0705691850194893,0.05267269482552195,7009268,>1M
ES300,Madrid,male,0.07416394166307662,0.05847859498816937,7009268,>1M
ES411,Avila,female,0.36432930910523914,0.27541249305837745,160463,<200k
ES411,Avila,male,0.4759716273205696,0.28883085464331204,160463,<200k
ES412,Burgos,female,0.3089945035776374,0.19040488070163553,359740,200k-1M
ES412,Burgos,male,0.2999331706647614,0.18616724350607106,359740,200k-1M
ES413,Leon,female,0.2540086365676901,0.15100570108470843,447802,200k-1M
ES413,Leon,male,0.3210159538828262,0.168803395280218,447802,200k-1M
ES414,Palencia,female,0.42639414575724754,0.26583871811754445,158063,<200k
ES414,Palencia,male,0.38964067962882465,0.2633854317128662,158063,<200k
ES415,Salamanca,female,0.2711513477369204,0.19358895778083526,327552,200k-1M
ES415,Salamanca,male,0.2671205657393462,0.21383308726273056,327552,200k-1M
ES416,Segovia,female,0.47736683971746097,0.29956895012763207,156620,<200k
ES416,Segovia,male,0.45580907315215385,0.29730739660559496,156620,<200k
ES417,Soria,female,0.58643450903483485,0.3828650796324238,90073,<200k
ES417,Soria,male,0.6143438827742049,0.36697651233223527,90073,<200k
ES418,Valladolid,female,0.2274295091931704,0.1519940581983369,525116,200k-1M
ES418,Valladolid,male,0.28674416839481115,0.1639338740831657,525116,200k-1M
ES419,Zamora,female,0.4212069429030477,0.23822241154142984,166253,<200k
ES419,Zamora,male,0.41326930918718385,0.24539565490678233,166253,<200k
ES421,Albacete,female,0.24158698538813472,0.1686451343258492,389070,200k-1M
ES421,Albacete,male,0.30813175855271,0.1993837626997858,389070,200k-1M
ES422,Ciudad Real,female,0.24648383199534973,0.15827077892264604,492948,200k-1M
ES422,Ciudad Real,male,0.272908769197075,0.16727122135863265,492948,200k-1M
ES423,Cuenca,female,0.3702912648344808,0.23601621582038682,199025,<200k
ES423,Cuenca,male,0.3803763631596464,0.24119123812307672,199025,<200k
ES424,Guadalajara,female,0.39818347160267253,0.2626169940096015,280225,200k-1M
ES424,Guadalajara,male,0.32381422973427637,0.2660343722006808,280225,200k-1M
ES425,Toledo,female,0.18753855493080424,0.15040878554620277,743165,200k-1M
ES425,Toledo,male,0.20487563751922794,0.15613335111159118,743165,200k-1M
ES431,Badajoz,female,0.19892865440964344,0.12846560150733527,666029,200k-1M
ES431,Badajoz,male,0.2439682350157266,0.14387590964985456,666029,200k-1M
ES432,Caceres,female,0.25972940173310466,0.16673007837946557,388652,200k-1M
ES432,Caceres,male,0.27854717615668523,0.1624483803312093,388652,200k-1M
ES511,Barcelona,female,0.07532339173573993,0.049850585799217924,5877672,>1M
ES511,Barcelona,male,0.07273787216651882,0.05156302587448753,5877672,>1M
ES512,Girona,female,0.20010731953850175,0.14120568684421284,821108,200k-1M
ES512,Girona,male,0.21664144030037547,0.15767236133865703,821108,200k-1M
ES513,Lleida,female,0.2659025725020043,0.17756169934263355,451707,200k-1M
ES513,Lleida,male,0.28076570318533806,0.19076330176500347,451707,200k-1M
ES514,Tarragona,female,0.16425263886478492,0.1199975573235047,861744,200k-1M
ES514,Tarragona,male,0.2181782538889539,0.1375024544063638,861744,200k-1M
ES521,Alicante/Alacant,female,0.12293203922571301,0.08867018517780502,1993289,>1M
ES521,Alicante/Alacant,male,0.12887627030758037,0.08105568547397311,1993289,>1M
ES522,Castellon/Castello,female,0.24392245782028407,0.1517140834774543,615188,200k-1M
ES522,Castellon/Castello,male,0.2515086512221273,0.17759351546281435,615188,200k-1M
ES523,Valencia/Valencia,female,0.11204857913938036,0.07573230495192602,2710808,>1M
ES523,Valencia/Valencia,male,0.11060522603000109,0.0847864680899335,2710808,>1M
ES532,"Balears, Illes",female,0.1482483928431833,0.11551604205258063,1231768,>1M
ES532,"Balears, Illes",male,0.17561606788621614,0.11770971065732944,1231768,>1M
ES611,Almeria,female,0.1981431472655695,0.15110640561668612,760964,200k-1M
ES611,Almeria,male,0.22748473820472737,0.15796578760699,760964,200k-1M
ES612,Cadiz,female,0.16860765452657245,0.11419417852428301,1258730,>1M
ES612,Cadiz,male,0.1701917041431341,0.12045125820652626,1258730,>1M
ES613,Cordoba,female,0.21151589668999193,0.12385505814552727,774313,200k-1M
ES613,Cordoba,male,0.2073864587404884,0.13230500840381526,774313,200k-1M
ES614,Granada,female,0.18413745406887752,0.1205954902278312,939741,200k-1M
ES614,Granada,male,0.19141066606743107,0.12817939156351535,939741,200k-1M
ES615,Huelva,female,0.22009856734050073,0.16028005117186298,535734,200k-1M
ES615,Huelva,male,0.28585060340130436,0.17712069964305988,535734,200k-1M
ES616,Jaen,female,0.2333065843836154,0.1332066350286737,619055,200k-1M
ES616,Jaen,male,0.2287171175768136,0.15924901220170962,619055,200k-1M
ES617,Malaga,female,0.14070244504473362,0.11030721505449026,1774701,>1M
ES617,Malaga,male,0.1513663621861735,0.09842577887263411,1774701,>1M
ES618,Sevilla,female,0.10796640092888134,0.08126006944980076,1968624,>1M
ES618,Sevilla,male,0.12967539635488884,0.09049556432050576,1968624,>1M
ES620,Murcia,female,0.149837014396006,0.1115251674225598,1568492,>1M
ES620,Murcia,male,0.15430572566631143,0.11607807439800628,1568492,>1M
ES630,Ceuta,female,0.7031961894989929,0.5229053288623907,83179,<200k
ES630,Ceuta,male,0.7727928062086965,0.5306570538259948,83179,<200k
ES640,Melilla,female,0.7035045221504045,0.6186786445117086,85985,<200k
ES640,Melilla,male,0.7592669623651792,0.643705963323651,85985,<200k
ES705,"Palmas, Las",female,0.16189082375900082,0.1211526119507366,1159890,>1M
ES705,"Palmas, Las",male,0.17631644970334498,0.1336603055806391,1159890,>1M
ES709,Santa Cruz de Tenerife,female,0.18669699928443936,0.1257404676393329,1078864,>1M
ES709,Santa Cruz de Tenerife,male,0.18780980431859262,0.13303220103663985,1078864,>1M
