tables,measure,size_class,n,mean_signed,mean_abs,p95_abs,max_abs,within_tol
Kannisto (package default),e0,<200k,368,0.039567671346161265,0.06445452940348922,0.21050069430595764,0.6426508122871866,0.9592391304347826
Kannisto (package default),e0,200k-1M,1332,0.006556237616250539,0.03171644492756941,0.08226691925051313,0.20177696431318282,1
Kannisto (package default),e0,>1M,644,0.00768734837988238,0.03117688376391223,0.0817159532184654,0.15955536586793073,1
Kannisto (package default),e65,<200k,368,0.04418025272147574,0.07054607795683197,0.22588468524143737,0.6857054440081072,0.9565217391304348
Kannisto (package default),e65,200k-1M,1332,0.008022151800948405,0.034656501302451646,0.09029865662018914,0.21086222339461003,1
Kannisto (package default),e65,>1M,644,0.009338750641658523,0.03436681736953624,0.09075454265856817,0.1881787235562271,1
observed rates to 100+,e0,<200k,368,0.050954784873732686,0.07887720548001564,0.24079455868495642,1.0902785732280051,0.9510869565217391
observed rates to 100+,e0,200k-1M,1332,0.014724879693741184,0.03802988427405314,0.10850637317195226,0.28856244056035507,0.9992492492492493
observed rates to 100+,e0,>1M,644,0.024421365157225136,0.0410822212448531,0.12255386619752856,0.36858375066329074,0.9922360248447205
observed rates to 100+,e65,<200k,368,0.056441595943493225,0.08624119396707773,0.26548692038687405,1.163780108737388,0.9429347826086957
observed rates to 100+,e65,200k-1M,1332,0.016993656390259883,0.041570853685868075,0.1181968731539222,0.3068724894419681,0.9992492492492493
observed rates to 100+,e65,>1M,644,0.027993994176203636,0.0457490075357612,0.1369635551506926,0.43052917068263596,0.9891304347826086
