item,v0.1.0,v0.2.0,change
"female e0 2024, Madrid",87.83330924426504,87.86088689726992,0.027577653004883018
"female e65 2024, Madrid",24.718569927325866,24.747356779477265,0.028786852151398534
"female e0 2024, Barcelona",86.88573295286304,86.87263566831835,-0.01309728454468484
"female e65 2024, Barcelona",23.870607134390927,23.856594089123917,-0.014013045267009971
"female e0 2024, Sevilla",85.3560233642368,85.37905013069381,0.023026766457007852
"female e65 2024, Sevilla",22.426772516946478,22.451061543301947,0.02428902635546848
"female e0 2024, A Coruna",86.9689069312452,86.94868244523805,-0.020224486007151654
"female e65 2024, A Coruna",23.849134489678907,23.827681699854324,-0.021452789824582652
"male e0 2024, A Coruna",81.21319862215377,81.20642531164016,-0.0067733105136085214
"abridged female e0 2024, A Coruna",87.02766637177491,86.9481437462797,-0.0795226254952155
female e0 gap Madrid - A Coruna 2024,0.8644023130198377,0.9122044520318724,0.04780213901203467
Arriaga sum - gap,-9.992007221626409e-16,2.919886554764162e-14,3.019806626980426e-14
Pollard sum - gap,0.05308752527930327,3.5962118002497157e-4,-0.0527279040992783
Arriaga-Pollard correlation,0.9992061229657055,0.9998862294813785,6.801065156729624e-4
A Coruna female e0 gain 2006-2024,2.8674017252775315,2.8501313558380588,-0.017270369439472688
"TFR 2024, Madrid",1.0987878058674756,1.0917797452258704,-0.007008060641605196
"MAC 2024, Madrid",32.751819910585645,33.30817906188569,0.5563591513000432
"TFR 2024, Barcelona",1.0536561444157138,1.0446202901369277,-0.00903585427878606
"MAC 2024, Barcelona",32.31635225528582,32.86452263185669,0.5481703765708659
"TFR 2024, Sevilla",1.2031021107125932,1.2051747236759045,0.0020726129633112933
"MAC 2024, Sevilla",31.981247445559543,32.522353795915826,0.5411063503562836
"TFR 2024, A Coruna",0.9797037578978175,0.9830722660093911,0.0033685081115736315
"MAC 2024, A Coruna",32.902301323377515,33.47059325814232,0.5682919347648081
"female ASDR 2024 (per 100,000), Madrid",648.4010918794952,518.1850196963397,-130.21607218315546
"female ASDR 2024 (per 100,000), Barcelona",729.3370796751694,588.8441459949782,-140.4929336801912
"female ASDR 2024 (per 100,000), Sevilla",868.4740879357603,715.3344786700702,-153.13960926569007
"female ASDR 2024 (per 100,000), A Coruna",725.4263760345968,586.3661910399989,-139.060184994598
