scenario,measure,size_class,n,mean_signed,mean_abs,max_abs
45% of deaths in lower triangle,e0,<200k,615,-0.008105714809872325,0.008105714809872325,0.010487161481165685
45% of deaths in lower triangle,e0,200k-1M,2001,-0.007992136859973107,0.007992136859973107,0.009289793553080017
45% of deaths in lower triangle,e0,>1M,966,-0.007975245600333213,0.007975245600333213,0.008897173756338361
45% of deaths in lower triangle,e65,<200k,615,-0.008721966012201494,0.008721966012201494,0.011453757748061122
45% of deaths in lower triangle,e65,200k-1M,2001,-0.008637320027467985,0.008637320027467985,0.009853856922344306
45% of deaths in lower triangle,e65,>1M,966,-0.00866293702096175,0.00866293702096175,0.009888858315783011
55% of deaths in lower triangle,e0,<200k,621,0.008129231585189764,0.008161135110384934,0.03184620445468056
55% of deaths in lower triangle,e0,200k-1M,2001,0.007994818449747199,0.007994818449747199,0.0104422931763537
55% of deaths in lower triangle,e0,>1M,966,0.007980502007287234,0.007980502007287234,0.009010036218199957
55% of deaths in lower triangle,e65,<200k,621,0.008741883179461788,0.008785323282787496,0.03476953033219843
55% of deaths in lower triangle,e65,200k-1M,2001,0.008640093811037157,0.008640093811037157,0.011054055943912289
55% of deaths in lower triangle,e65,>1M,966,0.008668615889002437,0.008668615889002437,0.009890457035082179
85% of infant deaths in lower triangle,e0,<200k,621,1.993631597006859e-4,1.993631597006859e-4,0.002485532927096301
85% of infant deaths in lower triangle,e0,200k-1M,2001,1.039423271349633e-4,1.039423271349633e-4,9.920273714101313e-4
85% of infant deaths in lower triangle,e0,>1M,966,1.0490970976215699e-4,1.0490970976215699e-4,5.417460134395924e-4
85% of infant deaths in lower triangle,e65,<200k,621,2.603034982051896e-16,3.3152940046133512e-15,1.4210854715202004e-14
85% of infant deaths in lower triangle,e65,200k-1M,2001,-8.078384427057818e-17,4.059610108234558e-15,1.7763568394002505e-14
85% of infant deaths in lower triangle,e65,>1M,966,-9.37828145024983e-17,3.900261756074463e-15,1.4210854715202004e-14
